device_id,provider,manufacturer,model,android_version,sdk,abi,ram,screen,resolution,dpi,test_suite,test_id,status,duration,crashes,anr,logs,screenshots,video,timestamp,apk_sha256,blocker
,UNASSIGNED,Infinix,Infinix SMART 9,10,29,,,,,,planned_matrix,coverage_target,NOT_TESTED,,,,,,,2026-08-27T07:04:19.161975+00:00,f633a85365295de76f77e52c8e395bd0dad1a899b0fe5c67f79b7fb3463456da,planned target only; tier=tier_1_oem; priority_weight=5.0; provider catalog lookup required
,UNASSIGNED,Infinix,Infinix SMART 9,11,30,,,,,,planned_matrix,coverage_target,NOT_TESTED,,,,,,,2026-08-27T07:04:19.161975+00:00,f633a85365295de76f77e52c8e395bd0dad1a899b0fe5c67f79b7fb3463456da,planned target only; tier=tier_1_oem; priority_weight=5.0; provider catalog lookup required
,UNASSIGNED,Infinix,Infinix SMART 9,12,31,,,,,,planned_matrix,coverage_target,NOT_TESTED,,,,,,,2026-08-27T07:04:19.161975+00:00,f633a85365295de76f77e52c8e395bd0dad1a899b0fe5c67f79b7fb3463456da,planned target only; tier=tier_1_oem; priority_weight=5.0; provider catalog lookup required
,UNASSIGNED,Infinix,Infinix SMART 9,13,33,,,,,,planned_matrix,coverage_target,NOT_TESTED,,,,,,,2026-08-27T07:04:19.161975+00:00,f633a85365295de76f77e52c8e395bd0dad1a899b0fe5c67f79b7fb3463456da,planned target only; tier=tier_1_oem; priority_weight=5.0; provider catalog lookup required
,UNASSIGNED,Infinix,Infinix SMART 9,14,34,,,,,,planned_matrix,coverage_target,NOT_TESTED,,,,,,,2026-08-27T07:04:19.161975+00:00,f633a85365295de76f77e52c8e395bd0dad1a899b0fe5c67f79b7fb3463456da,planned target only; tier=tier_1_oem; priority_weight=5.0; provider catalog lookup required
,UNASSIGNED,Infinix,Infinix SMART 9,15,35,,,,,,planned_matrix,coverage_target,NOT_TESTED,,,,,,,2026-08-27T07:04:19.161975+00:00,f633a85365295de76f77e52c8e395bd0dad1a899b0fe5c67f79b7fb3463456da,planned target only; tier=tier_1_oem; priority_weight=5.0; provider catalog lookup required
,UNASSIGNED,Infinix,Infinix SMART 9,16,36,,,,,,planned_matrix,coverage_target,NOT_TESTED,,,,,,,2026-08-27T07:04:19.161975+00:00,f633a85365295de76f77e52c8e395bd0dad1a899b0fe5c67f79b7fb3463456da,planned target only; tier=tier_1_oem; priority_weight=5.0; provider catalog lookup required
,UNASSIGNED,Samsung,,10,29,,,,,,planned_matrix,coverage_target,NOT_TESTED,,,,,,,2026-08-27T07:04:19.161975+00:00,f633a85365295de76f77e52c8e395bd0dad1a899b0fe5c67f79b7fb3463456da,planned target only; tier=tier_1_oem; priority_weight=3.0; provider catalog lookup required
,UNASSIGNED,Samsung,,11,30,,,,,,planned_matrix,coverage_target,NOT_TESTED,,,,,,,2026-08-27T07:04:19.161975+00:00,f633a85365295de76f77e52c8e395bd0dad1a899b0fe5c67f79b7fb3463456da,planned target only; tier=tier_1_oem; priority_weight=3.0; provider catalog lookup required
,UNASSIGNED,Samsung,,12,31,,,,,,planned_matrix,coverage_target,NOT_TESTED,,,,,,,2026-08-27T07:04:19.161975+00:00,f633a85365295de76f77e52c8e395bd0dad1a899b0fe5c67f79b7fb3463456da,planned target only; tier=tier_1_oem; priority_weight=3.0; provider catalog lookup required
,UNASSIGNED,Samsung,,13,33,,,,,,planned_matrix,coverage_target,NOT_TESTED,,,,,,,2026-08-27T07:04:19.161975+00:00,f633a85365295de76f77e52c8e395bd0dad1a899b0fe5c67f79b7fb3463456da,planned target only; tier=tier_1_oem; priority_weight=3.0; provider catalog lookup required
,UNASSIGNED,Samsung,,14,34,,,,,,planned_matrix,coverage_target,NOT_TESTED,,,,,,,2026-08-27T07:04:19.161975+00:00,f633a85365295de76f77e52c8e395bd0dad1a899b0fe5c67f79b7fb3463456da,planned target only; tier=tier_1_oem; priority_weight=3.0; provider catalog lookup required
,UNASSIGNED,Samsung,,15,35,,,,,,planned_matrix,coverage_target,NOT_TESTED,,,,,,,2026-08-27T07:04:19.161975+00:00,f633a85365295de76f77e52c8e395bd0dad1a899b0fe5c67f79b7fb3463456da,planned target only; tier=tier_1_oem; priority_weight=3.0; provider catalog lookup required
,UNASSIGNED,Samsung,,16,36,,,,,,planned_matrix,coverage_target,NOT_TESTED,,,,,,,2026-08-27T07:04:19.161975+00:00,f633a85365295de76f77e52c8e395bd0dad1a899b0fe5c67f79b7fb3463456da,planned target only; tier=tier_1_oem; priority_weight=3.0; provider catalog lookup required
,UNASSIGNED,Xiaomi,,10,29,,,,,,planned_matrix,coverage_target,NOT_TESTED,,,,,,,2026-08-27T07:04:19.161975+00:00,f633a85365295de76f77e52c8e395bd0dad1a899b0fe5c67f79b7fb3463456da,planned target only; tier=tier_1_oem; priority_weight=3.0; provider catalog lookup required
,UNASSIGNED,Xiaomi,,11,30,,,,,,planned_matrix,coverage_target,NOT_TESTED,,,,,,,2026-08-27T07:04:19.161975+00:00,f633a85365295de76f77e52c8e395bd0dad1a899b0fe5c67f79b7fb3463456da,planned target only; tier=tier_1_oem; priority_weight=3.0; provider catalog lookup required
,UNASSIGNED,Xiaomi,,12,31,,,,,,planned_matrix,coverage_target,NOT_TESTED,,,,,,,2026-08-27T07:04:19.161975+00:00,f633a85365295de76f77e52c8e395bd0dad1a899b0fe5c67f79b7fb3463456da,planned target only; tier=tier_1_oem; priority_weight=3.0; provider catalog lookup required
,UNASSIGNED,Xiaomi,,13,33,,,,,,planned_matrix,coverage_target,NOT_TESTED,,,,,,,2026-08-27T07:04:19.161975+00:00,f633a85365295de76f77e52c8e395bd0dad1a899b0fe5c67f79b7fb3463456da,planned target only; tier=tier_1_oem; priority_weight=3.0; provider catalog lookup required
,UNASSIGNED,Xiaomi,,14,34,,,,,,planned_matrix,coverage_target,NOT_TESTED,,,,,,,2026-08-27T07:04:19.161975+00:00,f633a85365295de76f77e52c8e395bd0dad1a899b0fe5c67f79b7fb3463456da,planned target only; tier=tier_1_oem; priority_weight=3.0; provider catalog lookup required
,UNASSIGNED,Xiaomi,,15,35,,,,,,planned_matrix,coverage_target,NOT_TESTED,,,,,,,2026-08-27T07:04:19.161975+00:00,f633a85365295de76f77e52c8e395bd0dad1a899b0fe5c67f79b7fb3463456da,planned target only; tier=tier_1_oem; priority_weight=3.0; provider catalog lookup required
,UNASSIGNED,Xiaomi,,16,36,,,,,,planned_matrix,coverage_target,NOT_TESTED,,,,,,,2026-08-27T07:04:19.161975+00:00,f633a85365295de76f77e52c8e395bd0dad1a899b0fe5c67f79b7fb3463456da,planned target only; tier=tier_1_oem; priority_weight=3.0; provider catalog lookup required
,UNASSIGNED,Redmi,,10,29,,,,,,planned_matrix,coverage_target,NOT_TESTED,,,,,,,2026-08-27T07:04:19.161975+00:00,f633a85365295de76f77e52c8e395bd0dad1a899b0fe5c67f79b7fb3463456da,planned target only; tier=tier_1_oem; priority_weight=3.0; provider catalog lookup required
,UNASSIGNED,Redmi,,11,30,,,,,,planned_matrix,coverage_target,NOT_TESTED,,,,,,,2026-08-27T07:04:19.161975+00:00,f633a85365295de76f77e52c8e395bd0dad1a899b0fe5c67f79b7fb3463456da,planned target only; tier=tier_1_oem; priority_weight=3.0; provider catalog lookup required
,UNASSIGNED,Redmi,,12,31,,,,,,planned_matrix,coverage_target,NOT_TESTED,,,,,,,2026-08-27T07:04:19.161975+00:00,f633a85365295de76f77e52c8e395bd0dad1a899b0fe5c67f79b7fb3463456da,planned target only; tier=tier_1_oem; priority_weight=3.0; provider catalog lookup required
,UNASSIGNED,Redmi,,13,33,,,,,,planned_matrix,coverage_target,NOT_TESTED,,,,,,,2026-08-27T07:04:19.161975+00:00,f633a85365295de76f77e52c8e395bd0dad1a899b0fe5c67f79b7fb3463456da,planned target only; tier=tier_1_oem; priority_weight=3.0; provider catalog lookup required
,UNASSIGNED,Redmi,,14,34,,,,,,planned_matrix,coverage_target,NOT_TESTED,,,,,,,2026-08-27T07:04:19.161975+00:00,f633a85365295de76f77e52c8e395bd0dad1a899b0fe5c67f79b7fb3463456da,planned target only; tier=tier_1_oem; priority_weight=3.0; provider catalog lookup required
,UNASSIGNED,Redmi,,15,35,,,,,,planned_matrix,coverage_target,NOT_TESTED,,,,,,,2026-08-27T07:04:19.161975+00:00,f633a85365295de76f77e52c8e395bd0dad1a899b0fe5c67f79b7fb3463456da,planned target only; tier=tier_1_oem; priority_weight=3.0; provider catalog lookup required
,UNASSIGNED,Redmi,,16,36,,,,,,planned_matrix,coverage_target,NOT_TESTED,,,,,,,2026-08-27T07:04:19.161975+00:00,f633a85365295de76f77e52c8e395bd0dad1a899b0fe5c67f79b7fb3463456da,planned target only; tier=tier_1_oem; priority_weight=3.0; provider catalog lookup required
,UNASSIGNED,POCO,,10,29,,,,,,planned_matrix,coverage_target,NOT_TESTED,,,,,,,2026-08-27T07:04:19.161975+00:00,f633a85365295de76f77e52c8e395bd0dad1a899b0fe5c67f79b7fb3463456da,planned target only; tier=tier_1_oem; priority_weight=3.0; provider catalog lookup required
,UNASSIGNED,POCO,,11,30,,,,,,planned_matrix,coverage_target,NOT_TESTED,,,,,,,2026-08-27T07:04:19.161975+00:00,f633a85365295de76f77e52c8e395bd0dad1a899b0fe5c67f79b7fb3463456da,planned target only; tier=tier_1_oem; priority_weight=3.0; provider catalog lookup required
,UNASSIGNED,POCO,,12,31,,,,,,planned_matrix,coverage_target,NOT_TESTED,,,,,,,2026-08-27T07:04:19.161975+00:00,f633a85365295de76f77e52c8e395bd0dad1a899b0fe5c67f79b7fb3463456da,planned target only; tier=tier_1_oem; priority_weight=3.0; provider catalog lookup required
,UNASSIGNED,POCO,,13,33,,,,,,planned_matrix,coverage_target,NOT_TESTED,,,,,,,2026-08-27T07:04:19.161975+00:00,f633a85365295de76f77e52c8e395bd0dad1a899b0fe5c67f79b7fb3463456da,planned target only; tier=tier_1_oem; priority_weight=3.0; provider catalog lookup required
,UNASSIGNED,POCO,,14,34,,,,,,planned_matrix,coverage_target,NOT_TESTED,,,,,,,2026-08-27T07:04:19.161975+00:00,f633a85365295de76f77e52c8e395bd0dad1a899b0fe5c67f79b7fb3463456da,planned target only; tier=tier_1_oem; priority_weight=3.0; provider catalog lookup required
,UNASSIGNED,POCO,,15,35,,,,,,planned_matrix,coverage_target,NOT_TESTED,,,,,,,2026-08-27T07:04:19.161975+00:00,f633a85365295de76f77e52c8e395bd0dad1a899b0fe5c67f79b7fb3463456da,planned target only; tier=tier_1_oem; priority_weight=3.0; provider catalog lookup required
,UNASSIGNED,POCO,,16,36,,,,,,planned_matrix,coverage_target,NOT_TESTED,,,,,,,2026-08-27T07:04:19.161975+00:00,f633a85365295de76f77e52c8e395bd0dad1a899b0fe5c67f79b7fb3463456da,planned target only; tier=tier_1_oem; priority_weight=3.0; provider catalog lookup required
,UNASSIGNED,Google,,10,29,,,,,,planned_matrix,coverage_target,NOT_TESTED,,,,,,,2026-08-27T07:04:19.161975+00:00,f633a85365295de76f77e52c8e395bd0dad1a899b0fe5c67f79b7fb3463456da,planned target only; tier=tier_1_oem; priority_weight=3.0; provider catalog lookup required
,UNASSIGNED,Google,,11,30,,,,,,planned_matrix,coverage_target,NOT_TESTED,,,,,,,2026-08-27T07:04:19.161975+00:00,f633a85365295de76f77e52c8e395bd0dad1a899b0fe5c67f79b7fb3463456da,planned target only; tier=tier_1_oem; priority_weight=3.0; provider catalog lookup required
,UNASSIGNED,Google,,12,31,,,,,,planned_matrix,coverage_target,NOT_TESTED,,,,,,,2026-08-27T07:04:19.161975+00:00,f633a85365295de76f77e52c8e395bd0dad1a899b0fe5c67f79b7fb3463456da,planned target only; tier=tier_1_oem; priority_weight=3.0; provider catalog lookup required
,UNASSIGNED,Google,,13,33,,,,,,planned_matrix,coverage_target,NOT_TESTED,,,,,,,2026-08-27T07:04:19.161975+00:00,f633a85365295de76f77e52c8e395bd0dad1a899b0fe5c67f79b7fb3463456da,planned target only; tier=tier_1_oem; priority_weight=3.0; provider catalog lookup required
,UNASSIGNED,Google,,14,34,,,,,,planned_matrix,coverage_target,NOT_TESTED,,,,,,,2026-08-27T07:04:19.161975+00:00,f633a85365295de76f77e52c8e395bd0dad1a899b0fe5c67f79b7fb3463456da,planned target only; tier=tier_1_oem; priority_weight=3.0; provider catalog lookup required
,UNASSIGNED,Google,,15,35,,,,,,planned_matrix,coverage_target,NOT_TESTED,,,,,,,2026-08-27T07:04:19.161975+00:00,f633a85365295de76f77e52c8e395bd0dad1a899b0fe5c67f79b7fb3463456da,planned target only; tier=tier_1_oem; priority_weight=3.0; provider catalog lookup required
,UNASSIGNED,Google,,16,36,,,,,,planned_matrix,coverage_target,NOT_TESTED,,,,,,,2026-08-27T07:04:19.161975+00:00,f633a85365295de76f77e52c8e395bd0dad1a899b0fe5c67f79b7fb3463456da,planned target only; tier=tier_1_oem; priority_weight=3.0; provider catalog lookup required
,UNASSIGNED,Motorola,,10,29,,,,,,planned_matrix,coverage_target,NOT_TESTED,,,,,,,2026-08-27T07:04:19.161975+00:00,f633a85365295de76f77e52c8e395bd0dad1a899b0fe5c67f79b7fb3463456da,planned target only; tier=tier_1_oem; priority_weight=3.0; provider catalog lookup required
,UNASSIGNED,Motorola,,11,30,,,,,,planned_matrix,coverage_target,NOT_TESTED,,,,,,,2026-08-27T07:04:19.161975+00:00,f633a85365295de76f77e52c8e395bd0dad1a899b0fe5c67f79b7fb3463456da,planned target only; tier=tier_1_oem; priority_weight=3.0; provider catalog lookup required
,UNASSIGNED,Motorola,,12,31,,,,,,planned_matrix,coverage_target,NOT_TESTED,,,,,,,2026-08-27T07:04:19.161975+00:00,f633a85365295de76f77e52c8e395bd0dad1a899b0fe5c67f79b7fb3463456da,planned target only; tier=tier_1_oem; priority_weight=3.0; provider catalog lookup required
,UNASSIGNED,Motorola,,13,33,,,,,,planned_matrix,coverage_target,NOT_TESTED,,,,,,,2026-08-27T07:04:19.161975+00:00,f633a85365295de76f77e52c8e395bd0dad1a899b0fe5c67f79b7fb3463456da,planned target only; tier=tier_1_oem; priority_weight=3.0; provider catalog lookup required
,UNASSIGNED,Motorola,,14,34,,,,,,planned_matrix,coverage_target,NOT_TESTED,,,,,,,2026-08-27T07:04:19.161975+00:00,f633a85365295de76f77e52c8e395bd0dad1a899b0fe5c67f79b7fb3463456da,planned target only; tier=tier_1_oem; priority_weight=3.0; provider catalog lookup required
,UNASSIGNED,Motorola,,15,35,,,,,,planned_matrix,coverage_target,NOT_TESTED,,,,,,,2026-08-27T07:04:19.161975+00:00,f633a85365295de76f77e52c8e395bd0dad1a899b0fe5c67f79b7fb3463456da,planned target only; tier=tier_1_oem; priority_weight=3.0; provider catalog lookup required
,UNASSIGNED,Motorola,,16,36,,,,,,planned_matrix,coverage_target,NOT_TESTED,,,,,,,2026-08-27T07:04:19.161975+00:00,f633a85365295de76f77e52c8e395bd0dad1a899b0fe5c67f79b7fb3463456da,planned target only; tier=tier_1_oem; priority_weight=3.0; provider catalog lookup required
,UNASSIGNED,OnePlus,,10,29,,,,,,planned_matrix,coverage_target,NOT_TESTED,,,,,,,2026-08-27T07:04:19.161975+00:00,f633a85365295de76f77e52c8e395bd0dad1a899b0fe5c67f79b7fb3463456da,planned target only; tier=tier_1_oem; priority_weight=3.0; provider catalog lookup required
,UNASSIGNED,OnePlus,,11,30,,,,,,planned_matrix,coverage_target,NOT_TESTED,,,,,,,2026-08-27T07:04:19.161975+00:00,f633a85365295de76f77e52c8e395bd0dad1a899b0fe5c67f79b7fb3463456da,planned target only; tier=tier_1_oem; priority_weight=3.0; provider catalog lookup required
,UNASSIGNED,OnePlus,,12,31,,,,,,planned_matrix,coverage_target,NOT_TESTED,,,,,,,2026-08-27T07:04:19.161975+00:00,f633a85365295de76f77e52c8e395bd0dad1a899b0fe5c67f79b7fb3463456da,planned target only; tier=tier_1_oem; priority_weight=3.0; provider catalog lookup required
,UNASSIGNED,OnePlus,,13,33,,,,,,planned_matrix,coverage_target,NOT_TESTED,,,,,,,2026-08-27T07:04:19.161975+00:00,f633a85365295de76f77e52c8e395bd0dad1a899b0fe5c67f79b7fb3463456da,planned target only; tier=tier_1_oem; priority_weight=3.0; provider catalog lookup required
,UNASSIGNED,OnePlus,,14,34,,,,,,planned_matrix,coverage_target,NOT_TESTED,,,,,,,2026-08-27T07:04:19.161975+00:00,f633a85365295de76f77e52c8e395bd0dad1a899b0fe5c67f79b7fb3463456da,planned target only; tier=tier_1_oem; priority_weight=3.0; provider catalog lookup required
,UNASSIGNED,OnePlus,,15,35,,,,,,planned_matrix,coverage_target,NOT_TESTED,,,,,,,2026-08-27T07:04:19.161975+00:00,f633a85365295de76f77e52c8e395bd0dad1a899b0fe5c67f79b7fb3463456da,planned target only; tier=tier_1_oem; priority_weight=3.0; provider catalog lookup required
,UNASSIGNED,OnePlus,,16,36,,,,,,planned_matrix,coverage_target,NOT_TESTED,,,,,,,2026-08-27T07:04:19.161975+00:00,f633a85365295de76f77e52c8e395bd0dad1a899b0fe5c67f79b7fb3463456da,planned target only; tier=tier_1_oem; priority_weight=3.0; provider catalog lookup required
,UNASSIGNED,OPPO,,10,29,,,,,,planned_matrix,coverage_target,NOT_TESTED,,,,,,,2026-08-27T07:04:19.161975+00:00,f633a85365295de76f77e52c8e395bd0dad1a899b0fe5c67f79b7fb3463456da,planned target only; tier=tier_2_oem; priority_weight=2.0; provider catalog lookup required
,UNASSIGNED,OPPO,,11,30,,,,,,planned_matrix,coverage_target,NOT_TESTED,,,,,,,2026-08-27T07:04:19.161975+00:00,f633a85365295de76f77e52c8e395bd0dad1a899b0fe5c67f79b7fb3463456da,planned target only; tier=tier_2_oem; priority_weight=2.0; provider catalog lookup required
,UNASSIGNED,OPPO,,12,31,,,,,,planned_matrix,coverage_target,NOT_TESTED,,,,,,,2026-08-27T07:04:19.161975+00:00,f633a85365295de76f77e52c8e395bd0dad1a899b0fe5c67f79b7fb3463456da,planned target only; tier=tier_2_oem; priority_weight=2.0; provider catalog lookup required
,UNASSIGNED,OPPO,,13,33,,,,,,planned_matrix,coverage_target,NOT_TESTED,,,,,,,2026-08-27T07:04:19.161975+00:00,f633a85365295de76f77e52c8e395bd0dad1a899b0fe5c67f79b7fb3463456da,planned target only; tier=tier_2_oem; priority_weight=2.0; provider catalog lookup required
,UNASSIGNED,OPPO,,14,34,,,,,,planned_matrix,coverage_target,NOT_TESTED,,,,,,,2026-08-27T07:04:19.161975+00:00,f633a85365295de76f77e52c8e395bd0dad1a899b0fe5c67f79b7fb3463456da,planned target only; tier=tier_2_oem; priority_weight=2.0; provider catalog lookup required
,UNASSIGNED,OPPO,,15,35,,,,,,planned_matrix,coverage_target,NOT_TESTED,,,,,,,2026-08-27T07:04:19.161975+00:00,f633a85365295de76f77e52c8e395bd0dad1a899b0fe5c67f79b7fb3463456da,planned target only; tier=tier_2_oem; priority_weight=2.0; provider catalog lookup required
,UNASSIGNED,OPPO,,16,36,,,,,,planned_matrix,coverage_target,NOT_TESTED,,,,,,,2026-08-27T07:04:19.161975+00:00,f633a85365295de76f77e52c8e395bd0dad1a899b0fe5c67f79b7fb3463456da,planned target only; tier=tier_2_oem; priority_weight=2.0; provider catalog lookup required
,UNASSIGNED,Realme,,10,29,,,,,,planned_matrix,coverage_target,NOT_TESTED,,,,,,,2026-08-27T07:04:19.161975+00:00,f633a85365295de76f77e52c8e395bd0dad1a899b0fe5c67f79b7fb3463456da,planned target only; tier=tier_2_oem; priority_weight=2.0; provider catalog lookup required
,UNASSIGNED,Realme,,11,30,,,,,,planned_matrix,coverage_target,NOT_TESTED,,,,,,,2026-08-27T07:04:19.161975+00:00,f633a85365295de76f77e52c8e395bd0dad1a899b0fe5c67f79b7fb3463456da,planned target only; tier=tier_2_oem; priority_weight=2.0; provider catalog lookup required
,UNASSIGNED,Realme,,12,31,,,,,,planned_matrix,coverage_target,NOT_TESTED,,,,,,,2026-08-27T07:04:19.161975+00:00,f633a85365295de76f77e52c8e395bd0dad1a899b0fe5c67f79b7fb3463456da,planned target only; tier=tier_2_oem; priority_weight=2.0; provider catalog lookup required
,UNASSIGNED,Realme,,13,33,,,,,,planned_matrix,coverage_target,NOT_TESTED,,,,,,,2026-08-27T07:04:19.161975+00:00,f633a85365295de76f77e52c8e395bd0dad1a899b0fe5c67f79b7fb3463456da,planned target only; tier=tier_2_oem; priority_weight=2.0; provider catalog lookup required
,UNASSIGNED,Realme,,14,34,,,,,,planned_matrix,coverage_target,NOT_TESTED,,,,,,,2026-08-27T07:04:19.161975+00:00,f633a85365295de76f77e52c8e395bd0dad1a899b0fe5c67f79b7fb3463456da,planned target only; tier=tier_2_oem; priority_weight=2.0; provider catalog lookup required
,UNASSIGNED,Realme,,15,35,,,,,,planned_matrix,coverage_target,NOT_TESTED,,,,,,,2026-08-27T07:04:19.161975+00:00,f633a85365295de76f77e52c8e395bd0dad1a899b0fe5c67f79b7fb3463456da,planned target only; tier=tier_2_oem; priority_weight=2.0; provider catalog lookup required
,UNASSIGNED,Realme,,16,36,,,,,,planned_matrix,coverage_target,NOT_TESTED,,,,,,,2026-08-27T07:04:19.161975+00:00,f633a85365295de76f77e52c8e395bd0dad1a899b0fe5c67f79b7fb3463456da,planned target only; tier=tier_2_oem; priority_weight=2.0; provider catalog lookup required
,UNASSIGNED,Vivo,,10,29,,,,,,planned_matrix,coverage_target,NOT_TESTED,,,,,,,2026-08-27T07:04:19.161975+00:00,f633a85365295de76f77e52c8e395bd0dad1a899b0fe5c67f79b7fb3463456da,planned target only; tier=tier_2_oem; priority_weight=2.0; provider catalog lookup required
,UNASSIGNED,Vivo,,11,30,,,,,,planned_matrix,coverage_target,NOT_TESTED,,,,,,,2026-08-27T07:04:19.161975+00:00,f633a85365295de76f77e52c8e395bd0dad1a899b0fe5c67f79b7fb3463456da,planned target only; tier=tier_2_oem; priority_weight=2.0; provider catalog lookup required
,UNASSIGNED,Vivo,,12,31,,,,,,planned_matrix,coverage_target,NOT_TESTED,,,,,,,2026-08-27T07:04:19.161975+00:00,f633a85365295de76f77e52c8e395bd0dad1a899b0fe5c67f79b7fb3463456da,planned target only; tier=tier_2_oem; priority_weight=2.0; provider catalog lookup required
,UNASSIGNED,Vivo,,13,33,,,,,,planned_matrix,coverage_target,NOT_TESTED,,,,,,,2026-08-27T07:04:19.161975+00:00,f633a85365295de76f77e52c8e395bd0dad1a899b0fe5c67f79b7fb3463456da,planned target only; tier=tier_2_oem; priority_weight=2.0; provider catalog lookup required
,UNASSIGNED,Vivo,,14,34,,,,,,planned_matrix,coverage_target,NOT_TESTED,,,,,,,2026-08-27T07:04:19.161975+00:00,f633a85365295de76f77e52c8e395bd0dad1a899b0fe5c67f79b7fb3463456da,planned target only; tier=tier_2_oem; priority_weight=2.0; provider catalog lookup required
,UNASSIGNED,Vivo,,15,35,,,,,,planned_matrix,coverage_target,NOT_TESTED,,,,,,,2026-08-27T07:04:19.161975+00:00,f633a85365295de76f77e52c8e395bd0dad1a899b0fe5c67f79b7fb3463456da,planned target only; tier=tier_2_oem; priority_weight=2.0; provider catalog lookup required
,UNASSIGNED,Vivo,,16,36,,,,,,planned_matrix,coverage_target,NOT_TESTED,,,,,,,2026-08-27T07:04:19.161975+00:00,f633a85365295de76f77e52c8e395bd0dad1a899b0fe5c67f79b7fb3463456da,planned target only; tier=tier_2_oem; priority_weight=2.0; provider catalog lookup required
,UNASSIGNED,Tecno,,10,29,,,,,,planned_matrix,coverage_target,NOT_TESTED,,,,,,,2026-08-27T07:04:19.161975+00:00,f633a85365295de76f77e52c8e395bd0dad1a899b0fe5c67f79b7fb3463456da,planned target only; tier=tier_2_oem; priority_weight=2.0; provider catalog lookup required
,UNASSIGNED,Tecno,,11,30,,,,,,planned_matrix,coverage_target,NOT_TESTED,,,,,,,2026-08-27T07:04:19.161975+00:00,f633a85365295de76f77e52c8e395bd0dad1a899b0fe5c67f79b7fb3463456da,planned target only; tier=tier_2_oem; priority_weight=2.0; provider catalog lookup required
,UNASSIGNED,Tecno,,12,31,,,,,,planned_matrix,coverage_target,NOT_TESTED,,,,,,,2026-08-27T07:04:19.161975+00:00,f633a85365295de76f77e52c8e395bd0dad1a899b0fe5c67f79b7fb3463456da,planned target only; tier=tier_2_oem; priority_weight=2.0; provider catalog lookup required
,UNASSIGNED,Tecno,,13,33,,,,,,planned_matrix,coverage_target,NOT_TESTED,,,,,,,2026-08-27T07:04:19.161975+00:00,f633a85365295de76f77e52c8e395bd0dad1a899b0fe5c67f79b7fb3463456da,planned target only; tier=tier_2_oem; priority_weight=2.0; provider catalog lookup required
,UNASSIGNED,Tecno,,14,34,,,,,,planned_matrix,coverage_target,NOT_TESTED,,,,,,,2026-08-27T07:04:19.161975+00:00,f633a85365295de76f77e52c8e395bd0dad1a899b0fe5c67f79b7fb3463456da,planned target only; tier=tier_2_oem; priority_weight=2.0; provider catalog lookup required
,UNASSIGNED,Tecno,,15,35,,,,,,planned_matrix,coverage_target,NOT_TESTED,,,,,,,2026-08-27T07:04:19.161975+00:00,f633a85365295de76f77e52c8e395bd0dad1a899b0fe5c67f79b7fb3463456da,planned target only; tier=tier_2_oem; priority_weight=2.0; provider catalog lookup required
,UNASSIGNED,Tecno,,16,36,,,,,,planned_matrix,coverage_target,NOT_TESTED,,,,,,,2026-08-27T07:04:19.161975+00:00,f633a85365295de76f77e52c8e395bd0dad1a899b0fe5c67f79b7fb3463456da,planned target only; tier=tier_2_oem; priority_weight=2.0; provider catalog lookup required
,UNASSIGNED,Nokia,,10,29,,,,,,planned_matrix,coverage_target,NOT_TESTED,,,,,,,2026-08-27T07:04:19.161975+00:00,f633a85365295de76f77e52c8e395bd0dad1a899b0fe5c67f79b7fb3463456da,planned target only; tier=tier_2_oem; priority_weight=2.0; provider catalog lookup required
,UNASSIGNED,Nokia,,11,30,,,,,,planned_matrix,coverage_target,NOT_TESTED,,,,,,,2026-08-27T07:04:19.161975+00:00,f633a85365295de76f77e52c8e395bd0dad1a899b0fe5c67f79b7fb3463456da,planned target only; tier=tier_2_oem; priority_weight=2.0; provider catalog lookup required
,UNASSIGNED,Nokia,,12,31,,,,,,planned_matrix,coverage_target,NOT_TESTED,,,,,,,2026-08-27T07:04:19.161975+00:00,f633a85365295de76f77e52c8e395bd0dad1a899b0fe5c67f79b7fb3463456da,planned target only; tier=tier_2_oem; priority_weight=2.0; provider catalog lookup required
,UNASSIGNED,Nokia,,13,33,,,,,,planned_matrix,coverage_target,NOT_TESTED,,,,,,,2026-08-27T07:04:19.161975+00:00,f633a85365295de76f77e52c8e395bd0dad1a899b0fe5c67f79b7fb3463456da,planned target only; tier=tier_2_oem; priority_weight=2.0; provider catalog lookup required
,UNASSIGNED,Nokia,,14,34,,,,,,planned_matrix,coverage_target,NOT_TESTED,,,,,,,2026-08-27T07:04:19.161975+00:00,f633a85365295de76f77e52c8e395bd0dad1a899b0fe5c67f79b7fb3463456da,planned target only; tier=tier_2_oem; priority_weight=2.0; provider catalog lookup required
,UNASSIGNED,Nokia,,15,35,,,,,,planned_matrix,coverage_target,NOT_TESTED,,,,,,,2026-08-27T07:04:19.161975+00:00,f633a85365295de76f77e52c8e395bd0dad1a899b0fe5c67f79b7fb3463456da,planned target only; tier=tier_2_oem; priority_weight=2.0; provider catalog lookup required
,UNASSIGNED,Nokia,,16,36,,,,,,planned_matrix,coverage_target,NOT_TESTED,,,,,,,2026-08-27T07:04:19.161975+00:00,f633a85365295de76f77e52c8e395bd0dad1a899b0fe5c67f79b7fb3463456da,planned target only; tier=tier_2_oem; priority_weight=2.0; provider catalog lookup required
,UNASSIGNED,Sony,,10,29,,,,,,planned_matrix,coverage_target,NOT_TESTED,,,,,,,2026-08-27T07:04:19.161975+00:00,f633a85365295de76f77e52c8e395bd0dad1a899b0fe5c67f79b7fb3463456da,planned target only; tier=tier_2_oem; priority_weight=2.0; provider catalog lookup required
,UNASSIGNED,Sony,,11,30,,,,,,planned_matrix,coverage_target,NOT_TESTED,,,,,,,2026-08-27T07:04:19.161975+00:00,f633a85365295de76f77e52c8e395bd0dad1a899b0fe5c67f79b7fb3463456da,planned target only; tier=tier_2_oem; priority_weight=2.0; provider catalog lookup required
,UNASSIGNED,Sony,,12,31,,,,,,planned_matrix,coverage_target,NOT_TESTED,,,,,,,2026-08-27T07:04:19.161975+00:00,f633a85365295de76f77e52c8e395bd0dad1a899b0fe5c67f79b7fb3463456da,planned target only; tier=tier_2_oem; priority_weight=2.0; provider catalog lookup required
,UNASSIGNED,Sony,,13,33,,,,,,planned_matrix,coverage_target,NOT_TESTED,,,,,,,2026-08-27T07:04:19.161975+00:00,f633a85365295de76f77e52c8e395bd0dad1a899b0fe5c67f79b7fb3463456da,planned target only; tier=tier_2_oem; priority_weight=2.0; provider catalog lookup required
,UNASSIGNED,Sony,,14,34,,,,,,planned_matrix,coverage_target,NOT_TESTED,,,,,,,2026-08-27T07:04:19.161975+00:00,f633a85365295de76f77e52c8e395bd0dad1a899b0fe5c67f79b7fb3463456da,planned target only; tier=tier_2_oem; priority_weight=2.0; provider catalog lookup required
,UNASSIGNED,Sony,,15,35,,,,,,planned_matrix,coverage_target,NOT_TESTED,,,,,,,2026-08-27T07:04:19.161975+00:00,f633a85365295de76f77e52c8e395bd0dad1a899b0fe5c67f79b7fb3463456da,planned target only; tier=tier_2_oem; priority_weight=2.0; provider catalog lookup required
,UNASSIGNED,Sony,,16,36,,,,,,planned_matrix,coverage_target,NOT_TESTED,,,,,,,2026-08-27T07:04:19.161975+00:00,f633a85365295de76f77e52c8e395bd0dad1a899b0fe5c67f79b7fb3463456da,planned target only; tier=tier_2_oem; priority_weight=2.0; provider catalog lookup required
,UNASSIGNED,ASUS,,10,29,,,,,,planned_matrix,coverage_target,NOT_TESTED,,,,,,,2026-08-27T07:04:19.161975+00:00,f633a85365295de76f77e52c8e395bd0dad1a899b0fe5c67f79b7fb3463456da,planned target only; tier=tier_2_oem; priority_weight=2.0; provider catalog lookup required
,UNASSIGNED,ASUS,,11,30,,,,,,planned_matrix,coverage_target,NOT_TESTED,,,,,,,2026-08-27T07:04:19.161975+00:00,f633a85365295de76f77e52c8e395bd0dad1a899b0fe5c67f79b7fb3463456da,planned target only; tier=tier_2_oem; priority_weight=2.0; provider catalog lookup required
,UNASSIGNED,ASUS,,12,31,,,,,,planned_matrix,coverage_target,NOT_TESTED,,,,,,,2026-08-27T07:04:19.161975+00:00,f633a85365295de76f77e52c8e395bd0dad1a899b0fe5c67f79b7fb3463456da,planned target only; tier=tier_2_oem; priority_weight=2.0; provider catalog lookup required
,UNASSIGNED,ASUS,,13,33,,,,,,planned_matrix,coverage_target,NOT_TESTED,,,,,,,2026-08-27T07:04:19.161975+00:00,f633a85365295de76f77e52c8e395bd0dad1a899b0fe5c67f79b7fb3463456da,planned target only; tier=tier_2_oem; priority_weight=2.0; provider catalog lookup required
,UNASSIGNED,ASUS,,14,34,,,,,,planned_matrix,coverage_target,NOT_TESTED,,,,,,,2026-08-27T07:04:19.161975+00:00,f633a85365295de76f77e52c8e395bd0dad1a899b0fe5c67f79b7fb3463456da,planned target only; tier=tier_2_oem; priority_weight=2.0; provider catalog lookup required
,UNASSIGNED,ASUS,,15,35,,,,,,planned_matrix,coverage_target,NOT_TESTED,,,,,,,2026-08-27T07:04:19.161975+00:00,f633a85365295de76f77e52c8e395bd0dad1a899b0fe5c67f79b7fb3463456da,planned target only; tier=tier_2_oem; priority_weight=2.0; provider catalog lookup required
,UNASSIGNED,ASUS,,16,36,,,,,,planned_matrix,coverage_target,NOT_TESTED,,,,,,,2026-08-27T07:04:19.161975+00:00,f633a85365295de76f77e52c8e395bd0dad1a899b0fe5c67f79b7fb3463456da,planned target only; tier=tier_2_oem; priority_weight=2.0; provider catalog lookup required
,UNASSIGNED,Honor,,10,29,,,,,,planned_matrix,coverage_target,NOT_TESTED,,,,,,,2026-08-27T07:04:19.161975+00:00,f633a85365295de76f77e52c8e395bd0dad1a899b0fe5c67f79b7fb3463456da,planned target only; tier=tier_2_oem; priority_weight=2.0; provider catalog lookup required
,UNASSIGNED,Honor,,11,30,,,,,,planned_matrix,coverage_target,NOT_TESTED,,,,,,,2026-08-27T07:04:19.161975+00:00,f633a85365295de76f77e52c8e395bd0dad1a899b0fe5c67f79b7fb3463456da,planned target only; tier=tier_2_oem; priority_weight=2.0; provider catalog lookup required
,UNASSIGNED,Honor,,12,31,,,,,,planned_matrix,coverage_target,NOT_TESTED,,,,,,,2026-08-27T07:04:19.161975+00:00,f633a85365295de76f77e52c8e395bd0dad1a899b0fe5c67f79b7fb3463456da,planned target only; tier=tier_2_oem; priority_weight=2.0; provider catalog lookup required
,UNASSIGNED,Honor,,13,33,,,,,,planned_matrix,coverage_target,NOT_TESTED,,,,,,,2026-08-27T07:04:19.161975+00:00,f633a85365295de76f77e52c8e395bd0dad1a899b0fe5c67f79b7fb3463456da,planned target only; tier=tier_2_oem; priority_weight=2.0; provider catalog lookup required
,UNASSIGNED,Honor,,14,34,,,,,,planned_matrix,coverage_target,NOT_TESTED,,,,,,,2026-08-27T07:04:19.161975+00:00,f633a85365295de76f77e52c8e395bd0dad1a899b0fe5c67f79b7fb3463456da,planned target only; tier=tier_2_oem; priority_weight=2.0; provider catalog lookup required
,UNASSIGNED,Honor,,15,35,,,,,,planned_matrix,coverage_target,NOT_TESTED,,,,,,,2026-08-27T07:04:19.161975+00:00,f633a85365295de76f77e52c8e395bd0dad1a899b0fe5c67f79b7fb3463456da,planned target only; tier=tier_2_oem; priority_weight=2.0; provider catalog lookup required
,UNASSIGNED,Honor,,16,36,,,,,,planned_matrix,coverage_target,NOT_TESTED,,,,,,,2026-08-27T07:04:19.161975+00:00,f633a85365295de76f77e52c8e395bd0dad1a899b0fe5c67f79b7fb3463456da,planned target only; tier=tier_2_oem; priority_weight=2.0; provider catalog lookup required
,UNASSIGNED,Huawei,,10,29,,,,,,planned_matrix,coverage_target,NOT_TESTED,,,,,,,2026-08-27T07:04:19.161975+00:00,f633a85365295de76f77e52c8e395bd0dad1a899b0fe5c67f79b7fb3463456da,planned target only; tier=tier_3_oem; priority_weight=1.0; provider catalog lookup required
,UNASSIGNED,Huawei,,11,30,,,,,,planned_matrix,coverage_target,NOT_TESTED,,,,,,,2026-08-27T07:04:19.161975+00:00,f633a85365295de76f77e52c8e395bd0dad1a899b0fe5c67f79b7fb3463456da,planned target only; tier=tier_3_oem; priority_weight=1.0; provider catalog lookup required
,UNASSIGNED,Huawei,,12,31,,,,,,planned_matrix,coverage_target,NOT_TESTED,,,,,,,2026-08-27T07:04:19.161975+00:00,f633a85365295de76f77e52c8e395bd0dad1a899b0fe5c67f79b7fb3463456da,planned target only; tier=tier_3_oem; priority_weight=1.0; provider catalog lookup required
,UNASSIGNED,Huawei,,13,33,,,,,,planned_matrix,coverage_target,NOT_TESTED,,,,,,,2026-08-27T07:04:19.161975+00:00,f633a85365295de76f77e52c8e395bd0dad1a899b0fe5c67f79b7fb3463456da,planned target only; tier=tier_3_oem; priority_weight=1.0; provider catalog lookup required
,UNASSIGNED,Huawei,,14,34,,,,,,planned_matrix,coverage_target,NOT_TESTED,,,,,,,2026-08-27T07:04:19.161975+00:00,f633a85365295de76f77e52c8e395bd0dad1a899b0fe5c67f79b7fb3463456da,planned target only; tier=tier_3_oem; priority_weight=1.0; provider catalog lookup required
,UNASSIGNED,Huawei,,15,35,,,,,,planned_matrix,coverage_target,NOT_TESTED,,,,,,,2026-08-27T07:04:19.161975+00:00,f633a85365295de76f77e52c8e395bd0dad1a899b0fe5c67f79b7fb3463456da,planned target only; tier=tier_3_oem; priority_weight=1.0; provider catalog lookup required
,UNASSIGNED,Huawei,,16,36,,,,,,planned_matrix,coverage_target,NOT_TESTED,,,,,,,2026-08-27T07:04:19.161975+00:00,f633a85365295de76f77e52c8e395bd0dad1a899b0fe5c67f79b7fb3463456da,planned target only; tier=tier_3_oem; priority_weight=1.0; provider catalog lookup required
,UNASSIGNED,ZTE,,10,29,,,,,,planned_matrix,coverage_target,NOT_TESTED,,,,,,,2026-08-27T07:04:19.161975+00:00,f633a85365295de76f77e52c8e395bd0dad1a899b0fe5c67f79b7fb3463456da,planned target only; tier=tier_3_oem; priority_weight=1.0; provider catalog lookup required
,UNASSIGNED,ZTE,,11,30,,,,,,planned_matrix,coverage_target,NOT_TESTED,,,,,,,2026-08-27T07:04:19.161975+00:00,f633a85365295de76f77e52c8e395bd0dad1a899b0fe5c67f79b7fb3463456da,planned target only; tier=tier_3_oem; priority_weight=1.0; provider catalog lookup required
,UNASSIGNED,ZTE,,12,31,,,,,,planned_matrix,coverage_target,NOT_TESTED,,,,,,,2026-08-27T07:04:19.161975+00:00,f633a85365295de76f77e52c8e395bd0dad1a899b0fe5c67f79b7fb3463456da,planned target only; tier=tier_3_oem; priority_weight=1.0; provider catalog lookup required
,UNASSIGNED,ZTE,,13,33,,,,,,planned_matrix,coverage_target,NOT_TESTED,,,,,,,2026-08-27T07:04:19.161975+00:00,f633a85365295de76f77e52c8e395bd0dad1a899b0fe5c67f79b7fb3463456da,planned target only; tier=tier_3_oem; priority_weight=1.0; provider catalog lookup required
,UNASSIGNED,ZTE,,14,34,,,,,,planned_matrix,coverage_target,NOT_TESTED,,,,,,,2026-08-27T07:04:19.161975+00:00,f633a85365295de76f77e52c8e395bd0dad1a899b0fe5c67f79b7fb3463456da,planned target only; tier=tier_3_oem; priority_weight=1.0; provider catalog lookup required
,UNASSIGNED,ZTE,,15,35,,,,,,planned_matrix,coverage_target,NOT_TESTED,,,,,,,2026-08-27T07:04:19.161975+00:00,f633a85365295de76f77e52c8e395bd0dad1a899b0fe5c67f79b7fb3463456da,planned target only; tier=tier_3_oem; priority_weight=1.0; provider catalog lookup required
,UNASSIGNED,ZTE,,16,36,,,,,,planned_matrix,coverage_target,NOT_TESTED,,,,,,,2026-08-27T07:04:19.161975+00:00,f633a85365295de76f77e52c8e395bd0dad1a899b0fe5c67f79b7fb3463456da,planned target only; tier=tier_3_oem; priority_weight=1.0; provider catalog lookup required
